University Name,City,Programe/Course,Tuition Fee/ Per year in EUR for EU Students,Tuition Fee/Per Year in EUR for Non-EU students,Deadline,Programme Duration,Accomodation,Category,Level




University of Debrecen ,Debrecen ,Agricultural Engineering,6687,6687,15/6/23,3.5,YES,Agriculture ,Bachelors 
University of Debrecen ,Debrecen ,Agribusiness and Rural Development Engineering,6678,6678,,3.5,YES,Agriculture ,Bachelors 
University of Debrecen ,Debrecen ,Environmental Engineering ,7166,7166,,3.5,YES,Engineering ,Bachelors 
University of Debrecen ,Debrecen ,Food Engineering,6678,6678,15/6/23,3.5,YES,Agriculture ,Bachelors 
University of Debrecen ,Debrecen ,Precision Agricultural Engineering,6678,6678,15/6/23,3.5,YES,Agriculture ,Bachelors 
University of Debrecen ,Debrecen ,Rural Development Engineering,6678,6678,15/6/23,3.5,YES,Agriculture ,Bachelors 
University of Debrecen ,Debrecen ,Business Administration and Management,6678,6678,15/6/23,3.5,YES,Business and management ,Bachelors 
University of Debrecen ,Debrecen ,Commerce and Marketing,6678,6678,15/6/23,3.5,YES,Business and management ,Bachelors 
University of Debrecen ,Debrecen ,Biochemical Engineering,6678,6678,15/6/23,3.5,YES,Engineering ,Bachelors 
University of Debrecen ,Debrecen ,Chemical Engineering,6678,6678,15/6/23,3.5,YES,Engineering ,Bachelors 
University of Debrecen ,Debrecen ,Civil Engineering,7166,7166,15/6/23,4,YES,Engineering ,Bachelors 
University of Debrecen ,Debrecen ,Electrical Engineering,6678,6678,15/6/23,3.5,YES,Engineering ,Bachelors 
University of Debrecen ,Debrecen ,Mechanical Engineering,7166,7166,15/6/23,3.5,YES,Engineering ,Bachelors 
University of Debrecen ,Debrecen ,Communication and Media Studies,5735,5735,,3,YES,Arts and media,Bachelors 
University of Debrecen ,Debrecen ,Mechatronics Engineering,7166,7166,15/6/23,3.5,YES,Engineering ,Bachelors 
University of Debrecen ,Debrecen ,Contemporary Music,9557,9557,,3,YES,Performance arts ,Bachelors 
University of Debrecen ,Debrecen ,Vehicle Engineering,6678,6678,15/6/23,3.5,YES,Engineering ,Bachelors 
University of Debrecen ,Debrecen ,Nursing and Patient Care - Dietetics,5735,5735,31/5/23,4,YES,Health sciences ,Bachelors 
University of Debrecen ,Debrecen ,Nursing and Patient Care - Physiotherapy,5735,5735,31/5/23,4,YES,Health sciences ,Bachelors 
University of Debrecen ,Debrecen ,Nursing and Patient Care - Nurse,6212,6212,31/5/23,4,YES,Health sciences ,Bachelors 
University of Debrecen ,Debrecen ,Health Care and Disease Prevention - Public Health,5735,5735,31/5/23,4,YES,Health sciences ,Bachelors 
University of Debrecen ,Debrecen ,English and american studies,5735,5735,15/6/23,3,YES,Humanities and education ,Bachelors 
University of Debrecen ,Debrecen ,Romance philology and culture - french studies,5735,5735,15/6/23,3,YES,Humanities and education ,Bachelors 
University of Debrecen ,Debrecen ,Kindergarden education,5735,5735,15/6/23,3,YES,Humanities and education ,Bachelors 
University of Debrecen ,Debrecen ,Psychology,5735,5735,15/6/23,3,YES,Humanities and education ,Bachelors 
University of Debrecen ,Debrecen ,Business Informatics,6678,6678,15/6/23,3.5,YES,Computer science ,Bachelors 
University of Debrecen ,Debrecen ,Computer Science,6678,6678,15/6/23,3,YES,Computer science ,Bachelors 
University of Debrecen ,Debrecen ,​Computer Science Engineering,6678,6678,15/6/23,3.5,YES,Computer science ,Bachelors 
University of Debrecen ,Debrecen ,Musical Creative Art and Musicology,9557,9557,15/6/23,3,YES,Performance arts ,Bachelors 
University of Debrecen ,Debrecen ,Classical Performing Arts -  Music ,9557,9557,15/6/23,3,YES,Performance arts ,Bachelors 
University of Debrecen ,Debrecen ,Biology,6212,6212,31/5/23,3,YES,Natural science and mathematics ,Bachelors 
University of Debrecen ,Debrecen ,Chemistry,6212,6212,31/5/23,3,YES,Natural science and mathematics ,Bachelors 
University of Debrecen ,Debrecen ,​Earth Sciences,6212,6212,31/5/23,3,YES,Environmental science ,Bachelors 
University of Debrecen ,Debrecen ,Biotechnology ,6212,6212,31/5/23,3,YES,Natural science and mathematics ,Bachelors 
University of Debrecen ,Debrecen ,Mathematics,6212,6212,31/5/23,3,YES,Natural science and mathematics ,Bachelors 
University of Debrecen ,Debrecen ,​Physics,6212,6212,31/5/23,3,YES,Natural science and mathematics ,Bachelors 

University of Debrecen ,Debrecen ,Animal Husbandry Engineering,7660,7660,15/6/23,4,YES,Agriculture and forestry ,Masters
University of Debrecen ,Debrecen ,Agricultural Environmental Management Engineering,7660,7660,15/6/23,4,YES,Agriculture and forestry ,Masters
University of Debrecen ,Debrecen ,Agricultural Water Management Engineering,7660,7660,15/6/23,4,YES,Agriculture and forestry ,Masters
University of Debrecen ,Debrecen ,Crop Production Engineering,7660,7660,15/6/23,4,YES,Agriculture and forestry ,Masters
University of Debrecen ,Debrecen ,Food Safety and Quality Engineering,7660,7660,15/6/23,4,YES,Agriculture and forestry ,Masters
University of Debrecen ,Debrecen ,Plant Protection,7660,7660,15/6/23,4,YES,Agriculture and forestry ,Masters
University of Debrecen ,Debrecen ,​Rural Development Engineering,7181,7181,15/6/23,4,YES,Agriculture and forestry ,Masters
University of Debrecen ,Debrecen ,International Economy and Business,7181,7181,15/6/23,4,YES,Business and management ,Masters
University of Debrecen ,Debrecen ,Chemical Engineering,7660,7660,15/6/23,4,YES,Engineering ,Masters
University of Debrecen ,Debrecen ,Engineering Management,7660,7660,15/6/23,4,YES,Engineering ,Masters
University of Debrecen ,Debrecen ,Electrical Engineering,7660,7660,,4,YES,engineering ,Masters
University of Debrecen ,Debrecen ,Environmental Engineering,7660,7660,15/6/23,4,YES,Engineering ,Masters
University of Debrecen ,Debrecen ,Mechatronical Engineering,7660,7660,15/6/23,4,YES,Engineering ,Masters
University of Debrecen ,Debrecen ,​Mechanical Engineering,7660,7660,15/6/23,4,YES,Engineering ,Masters
University of Debrecen ,Debrecen ,Sports Engineering,7660,7660,,4,YES,Engineering ,Masters
University of Debrecen ,Debrecen ,Vehicle Engineering,7660,7660,,4,YES,Engineering ,Masters
University of Debrecen ,Debrecen ,Urban Systems Engineering,7660,7660,15/6/23,4,YES,Engineering ,Masters
University of Debrecen ,Debrecen ,Postgraduate Diploma in Lean Engineer,7181,7181,15/6/23,1,YES,Engineering ,Masters
University of Debrecen ,Debrecen ,Postgraduate Diploma in Lean Manager,7181,7181,15/6/23,1,YES,Engineering ,Masters
University of Debrecen ,Debrecen ,Postgraduate Diploma in Strategic Engineering and Sustainability Leadership,7181,7181,15/6/23,1,YES,Engineering ,Masters
University of Debrecen ,Debrecen ,Complex Rehabilitation,7660,7660,31/5/23,2,YES,Health sciences ,Masters
University of Debrecen ,Debrecen ,Public Health,7660,7660,31/5/23,1.5,YES,Health sciences ,Masters
University of Debrecen ,Debrecen ,Social Work in Health Care,5267,5267,31/5/23,2,YES,Health sciences ,Masters
University of Debrecen ,Debrecen ,Social Work and Social Economy,5267,5267,31/5/23,2,YES,Health sciences ,Masters
University of Debrecen ,Debrecen ,English Studies,6521,6521,31/5/23,4,YES,Humanties,Masters
University of Debrecen ,Debrecen ,American Studies,6521,6521,31/5/23,4,YES,Humanties,Masters
University of Debrecen ,Debrecen ,Business Informatics,7181,7181,15/6/23,2,YES,Computer science ,Masters
University of Debrecen ,Debrecen ,Computer Science,7181,7181,15/6/23,4,YES,Computer science ,Masters
University of Debrecen ,Debrecen ,Computer Science Engineering,7181,7181,15/6/23,4,YES,Computer science ,Masters
University of Debrecen ,Debrecen ,Postgraduate Diploma in Artificial Intelligence,7660,7660,15/6/23,2,YES,Computer science ,Masters
University of Debrecen ,Debrecen ,European and International Business Law- LL.M.,7181,7181,15/6/23,2,YES,Law,Masters
University of Debrecen ,Debrecen ,Classical Musical Performance,9557,9557,15/6/23,4,YES,Performance arts ,Masters
University of Debrecen ,Debrecen ,Applied Mathematics,7181,7181,31/5/23,4,YES,Applied Mathematics ,Masters
University of Debrecen ,Debrecen ,Biology,7181,7181,31/5/23,4,YES,Natural science and mathematics ,Masters
University of Debrecen ,Debrecen ,Chemistry,7181,7181,31/5/23,4,YES,Natural science and mathematics ,Masters
University of Debrecen ,Debrecen ,Environmental Sciences,7181,7181,31/5/23,4,YES,Environmental studies ,Masters
University of Debrecen ,Debrecen ,Geography,7181,7181,31/5/23,4,YES,Environmental studies ,Masters
University of Debrecen ,Debrecen ,Geoinformatics,7181,7181,31/5/23,4,YES,sciences ,Masters
University of Debrecen ,Debrecen ,​Hydrobiology - Water Quality Management,7181,7181,31/5/23,4,YES,Environmental studies ,Masters
University of Debrecen ,Debrecen ,Molecular Biology,8141,8141,31/5/23,2,YES,Natural science and mathematics ,Masters
University of Debrecen ,Debrecen ,Physics,7181,7181,31/5/23,4,YES,Natural science and mathematics ,Masters


International Business School Budapest,Budapest,Corporate Finance ,8000,8000,,3,Yes,Business and management,Bachelors
International Business School Budapest,Budapest,Business Management,8000,8000,,3,Yes,Business and management,Bachelors
International Business School Budapest,Budapest,Business Management with AI and Data Analytics,8000,8000,,3,Yes,Business and management,Bachelors
International Business School Budapest,Budapest,Business Management with Arts,8000,8000,,3,Yes,Business and management,Bachelors
International Business School Budapest,Budapest,Business Management with Diplomacy and International Relations ,8000,8000,,3,Yes,Business and management,Bachelors
International Business School Budapest,Budapest,Business Management with HRM and Business Psychology ,8000,8000,,3,Yes,Business and management,Bachelors
International Business School Budapest,Budapest,Business Management with Markketing ,8000,8000,,3,Yes,Business and management,Bachelors
International Business School Budapest,Budapest,Business Management with Tourism ,8000,8000,,3,Yes,Business and management,Bachelors
International Business School Budapest,Budapest,Business Administration and Management ,8000,8000,,3,Yes,Business and management,Bachelors
International Business School Budapest,Budapest,International Business and Economics,8000,8000,,3,Yes,Business and management,Bachelors
International Business School Budapest,Budapest,Marketing- Digital Media ,8000,8000,,3.5,Yes,Business and management,Bachelors
International Business School Budapest,Budapest,Psychology ,8000,8000,,3,Yes,Social Sciences,Bachelors

International Business School Budapest,Budapest,Strategic International Management with Human Resource Management ,6400,6400,,1.5,Yes,Business and management,Masters
International Business School Budapest,Vienna,Strategic International Management ,6400,6400,,1.5,Yes,Business and management,Masters
International Business School Budapest,Budapest,Strategic International Management with Marketing,6400,6400,,1.5,Yes,Business and management,Masters
International Business School Budapest,Budapest,Strategic International Management with Finance ,6400,6400,,1.5,Yes,Business and management,Masters
International Business School Budapest,Budapest,Strategic International Management with specialization in AI and cybersecurity,6400,6400,,1.5,Yes,Business and management,Masters
International Business School Budapest,Budapest,IT for Business Data and Analytics ,6400,6400,,1.5,Yes,Business and management,Masters
International Business School Budapest,Budapest,Strategic International Management with specialization in Hospitality ,6400,6400,,1.5,Yes,Business and management,Masters

Wekerle Business School ,Budapest ,Commerce and Marketing ,5600,5600,,3.5,No,Business and management,Bachelors
Wekerle Business School ,Budapest ,Business Administration and Management ,5600,5600,,3.5,No,Business and management,Bachelors
Wekerle Business School ,Budapest ,Business Informatics,6200,6200,,3.5,No,Business and management,Bachelors
Wekerle Business School ,Budapest ,Marketing Strategy and Innovation ,8000,8000,,1,No,Business and management,Masters
Wekerle Business School ,Budapest ,MBA ,7000,7000,,2,No,Business and management,Masters
Wekerle Business School ,Budapest ,Human Resource Management ,5600,5600,,3.5,No,Business and management,Bachelors
Wekerle Business School ,Budapest ,International Economics,6000,6000,,4,No,Business and management,BAchelors
University Name,City,Programe/Course,Tuition Fee/ Per year in EUR for EU Students,Tuition Fee/Per Year in EUR for Non-EU students,Deadline (Sept 2025),Programme Duration,Accomodation,Category,Level






New European College ,Munich ,Business Administration Financial Services Managament ,13500,13500,3-Apr,3,No,Business and management,Bachelors
New European College ,Munich ,Business Administration Marketing and Communication ,13500,13500,3-Apr,3,No,Business and management,Bachelors
New European College ,Munich ,Business Administration Economics and Management ,13500,13500,3-Apr,3,No,Business and management,Bachelors
New European College ,Munich ,Business Management Entreprenuership and Innovation ,14600,14600,3-Apr,1.5,No,Business and management,Masters
New European College ,Munich ,Business Management Digital Marketing and Communication,14600,14600,3-Apr,1.5,No,Business and management,Masters
New European College ,Munich ,MBA International Management ,15890,15890,3-Apr,1.5,No,Business and management,Masters
New European College ,Munich ,MBA Finance ,15890,15890,3-Apr,1.5,No,Business and management,Masters
New European College ,Munich ,MBA Entrepreneurship and Innovation ,15890,15890,3-Apr,1.5,No,Business and management,Masters

        Berlin School of Business and Innovation ,Berlin,BSc (Hons) International Business & Management,"€ 28,350","€ 28,350",Rolling,3,No,Business and management,Bachelors
        Berlin School of Business and Innovation ,Berlin,BA (Hons) Tourism and Hospitality Management,"€ 28,350","€ 28,350",Rolling,3,No,Business and management,Bachelors
        Berlin School of Business and Innovation ,Berlin,BSc (Hons) Computer Sciences and Digitisation,"€ 28,350","€ 28,350",Rolling,3,No,Computer science and IT,Bachelors
        Berlin School of Business and Innovation ,Berlin,BSc in Psychology - Psychosocial Disciplines,"€ 28,350","€ 28,350",Rolling,3,No,Social sciences ,Bachelors
        Berlin School of Business and Innovation ,Berlin,Global MBA,"€ 14,150","€ 14,150",Rolling,1.5,No,Business and management,Masters 
        Berlin School of Business and Innovation ,Berlin,MSc Digital Marketing,"€ 12,600","€ 12,600",Rolling,1.5,No,Business and management,Masters 
        Berlin School of Business and Innovation ,Berlin,MSc Finance and Investment,"€ 12,600","€ 12,600",Rolling,1.5,No,Business and management,Masters 
        Berlin School of Business and Innovation ,Berlin,"MA Tourism, Hospitality and Event Management","€ 12,600","€ 12,600",Rolling,1.5,No,Business and management,Masters 
        Berlin School of Business and Innovation ,Berlin,MSc Data Analytics,"€ 12,600","€ 12,600",Rolling,1.5,No,Computer science and IT,Masters 
        Berlin School of Business and Innovation ,Berlin,MSc Information Technology Management,"€ 12,600","€ 12,600",Rolling,1.5,No,Computer science and IT,Masters 
        Berlin School of Business and Innovation ,Berlin,MSc in International Health Management,"€ 12,000","€ 12,000",Rolling,1.5,No,Business and management,Masters 
        Berlin School of Business and Innovation ,Berlin,MA in Energy Management,"€ 12,000","€ 12,000",Rolling,1.5,No,Business and management,Masters 
        Berlin School of Business and Innovation ,Berlin,MSc in Engineering Management,"€ 12,000","€ 12,000",Rolling,1.5,No,Business and management,Masters 
        Berlin School of Business and Innovation ,Berlin,MA in Logistics,"€ 12,000","€ 12,000",Rolling,1.5,No,Business and management,Masters 
        Berlin School of Business and Innovation ,Berlin,MBA,"€ 18,000","€ 18,000",Rolling,2,No,Business and management,Masters 
        Berlin School of Business and Innovation ,Berlin,MA in Innovation and Entrepreneurship (MAIE),"€ 15,000","€ 15,000",Rolling,2,No,Business and management,Masters 
        Berlin School of Business and Innovation ,Berlin,MSc in Psychology - Cognitive Processes and Technologies,"€ 15,000","€ 15,000",Rolling,2,No,Social sciences ,Masters 
        Berlin School of Business and Innovation ,Berlin,DBA,"€ 15,000","€ 15,000",Rolling,4,No,Business and management,
        Berlin School of Business and Innovation ,Berlin,BSc (Hons) International Business & Management,"€ 28,350","€ 28,350",Rolling,3,No,Business and management,Bachelors
        Berlin School of Business and Innovation ,Berlin,"MA Tourism, Hospitality and Event Management","€ 12,600","€ 12,600",Rolling,1.5,No,Business and management,Masters
        Berlin School of Business and Innovation ,Berlin,Global MBA,"€ 14,150","€ 14,150",Rolling,1.5,No,Business and management,Masters
        Berlin School of Business and Innovation ,Berlin,MA in Innovation and Entrepreneurship,"€ 15,000","€ 15,000",Rolling,1.5,No,Business and management,Masters
        Berlin School of Business and Innovation ,Berlin,BA in Economics and Business Administration,"€ 21,000","€ 21,000",Rolling,3,No,Business and management,Bachelors
        Berlin School of Business and Innovation ,Berlin,"MA in International Tourism, Hospitality and Event Management","€ 8,000","€ 8,000",Rolling,1.5,No,Business and management,Masters
        Berlin School of Business and Innovation ,Berlin,Global MBA,"€ 9,000","€ 9,000",Rolling,1.5,No,Business and management,Masters
        Berlin School of Business and Innovation ,Berlin,BSc (Hons) International Business & Management,"€ 28,350","€ 28,350",Rolling,3,No,Business and management,Bachelors
        Berlin School of Business and Innovation ,Berlin,"MA Tourism, Hospitality and Event Management","€ 12,600","€ 12,600",Rolling,1.5,No,Business and management,Masters
        Berlin School of Business and Innovation ,Berlin,Global MBA,"€ 14,150","€ 14,150",Rolling,1.5,No,Business and management,Masters
        Berlin School of Business and Innovation ,Berlin,MA in Innovation and Entrepreneurship,"€ 15,000","€ 15,000",Rolling,2,No,Business and management,Masters
        Berlin School of Business and Innovation ,Berlin,BA (Hons) Graphic Design,"€ 36,000","€ 36,000",Rolling,3,No,Arts,Bachelors
        Berlin School of Business and Innovation ,Berlin,BA (Hons) Illustration,"€ 36,000","€ 36,000",Rolling,3,No,Arts,Bachelors
        Berlin School of Business and Innovation ,Berlin,BA (Hons) Animation,"€ 36,000","€ 36,000",Rolling,3,No,Arts,Bachelors
        Berlin School of Business and Innovation ,Berlin,MA Visual Communication,"€ 12,600","€ 12,600",Rolling,1.5,No,Arts,Masters

Arden University ,Berlin,BA (Hons) Business Management Marketing,10500,10500,Rolling,3,No,Business and management,Bachelors
Arden University ,Berlin,Business Management Human Resource ,10500,10500,Rolling,3,No,Business and management,Bachelors
Arden University ,Berlin,BSc (Hons) Health and Care Management,10500,10500,Rolling,3,No,Business and management,Bachelors
Arden University ,Berlin,BSc (Hons) Computing,10500,10500,Rolling,3,No,Computer science and IT,Bachelors
Arden University ,Berlin,BA (Hons) Business Management Tourism ,10500,10500,Rolling,3,No,Business and management,Bachelors
Arden University ,Berlin,BSc (Hons) Accounting with Finance with Foundation Year,"€10,500","€10,500",Rolling,4,No,Business and management,Bachelors
Arden University ,Berlin,BSc (Hons) Health and Care Management with Foundation Year,"€10,500","€10,500",Rolling,4,No,Business and management,Bachelors
Arden University ,Berlin,BSc (Hons) Computing with Foundation,"€10,500","€10,500",Rolling,4,No,Computer science and IT,Bachelors
Arden University ,Berlin,Executive MBA,"€16,500","€16,500",Rolling,1,No,Business and management,Masters
Arden University ,Berlin,MBA,"€16,500","€16,500",Rolling,1,No,Business and management,Masters
Arden University ,Berlin,MSc Data Analytics and Information Systems Management,"€15,500","€15,500",Rolling,1,No,Computer science and IT,Masters
Arden University ,Berlin,MSc Engineering Management,"€15,500","€15,500",Rolling,1,No,Business and management,Masters
Arden University ,Berlin,MSc Project Management,"€15,500","€15,500",Rolling,1,No,Business and management,Masters
Arden University ,Berlin,MSc IT Security Management,"€15,500","€15,500",Rolling,1,No,Business and management,Masters
Arden University ,Berlin,MSc Supply Chain Management and Logistics,"€15,500","€15,500",Rolling,1,No,Business and management,Masters
Arden University ,Berlin,MSc Strategic Digital Marketing,"€15,500","€15,500",Rolling,1,No,Business and management,Masters
Arden University ,Berlin,MSc Strategic Human Resource Management,"€15,500","€15,500",Rolling,1,No,Business and management,Masters
Arden University ,Berlin,Master of Public Health,"€15,500","€15,500",Rolling,1,No,Medicine and health ,Masters

GISMA University for Applied Sciences ,Potsdam ,BSc Computer Science ,"€39,375","€39,375",,3,No,Computer science and IT,Bachelors
GISMA University for Applied Sciences ,Potsdam ,B Eng Software Engineering ,"€39,375","€39,375",,3,No,Computer science and IT,Bachelors
GISMA University for Applied Sciences ,Potsdam ,BSc Business Management,"€39,375","€39,375",,3,No,Business and management,Bachelors
GISMA University for Applied Sciences ,Potsdam ,BSc International Business Management,"€39,375","€39,375",,3,No,Business and management,Bachelors
GISMA University for Applied Sciences ,Potsdam ,"BSc Data Science, AI & Digital Business","€39,375","€39,375",,3,No,Computer science and IT,Bachelors
GISMA University for Applied Sciences ,Potsdam ,Foundation Program,"€6,563","€6,563",,0.5,No,Business and management,Bachelors
GISMA University for Applied Sciences ,Potsdam ,Master of Engineering Computer Science,"€23,150","€23,150",,2,No,Engineering,Masters
GISMA University for Applied Sciences ,Hamburg ,MSc Business Management,"€23,150","€23,150",,2,No,Business and management,Masters
GISMA University for Applied Sciences ,Potsdam ,MSc International Business Management,"€23,150","€23,150",,2,No,Business and management,Masters
GISMA University for Applied Sciences ,Potsdam ,MSc International Business Management (Kingston Accredited Course),"€16,500
","€16,500
",,1,No,Business and management,Masters
GISMA University for Applied Sciences ,Potsdam ,"MSc Data Science, AI & Digital Business","€23,150","€23,150",,2,No,Computer science and IT,Masters
GISMA University for Applied Sciences ,Potsdam ,MSc Leadership for Digital Transformation,"€23,150","€23,150",,2,No,Business and management,Masters
GISMA University for Applied Sciences ,Potsdam ,PreMasters,"€5,500","€5,500",,0.5,No,Business and management,Masters
GISMA University for Applied Sciences ,Potsdam ,Global MBA,"€18,000","€18,000",,1,No,Business and management,Masters
University Name,City,Programe/Course,Tuition Fee/ Per year in EUR for EU Students,Tuition Fee/Per Year in EUR for Non-EU students,Deadline (Sept 2025),Programme Duration,Accomodation,Category,Level,Commission 

KEDGE Business School,Marseille ,International BBA ,11200,11200,11-May,4,No,Business and Management,Bachelors ,10%
KEDGE Business School,Marseille ,Business Transformation for Sustainability ,17500,17500,11-May,1,No,Business and Management,Masters,10%
KEDGE Business School,Marseille ,Data Analytics for Business,17500,17500,11-May,1,No,Business and Management,Masters,10%
KEDGE Business School,Marseille ,Banking and Finance ,18500,18500,11-May,1,No,Business and Management,Masters,10%
KEDGE Business School,Marseille ,Busines Law,17500,17500,11-May,1,No,Business and Management,Masters,10%
KEDGE Business School,Marseille ,Ecological and Impact Finance,20400,20400,11-May,1,No,Business and Management,Masters,10%
KEDGE Business School,Marseille ,Digital Marketing and Sales,20400,20400,11-May,1,No,Business and Management,Masters,10%
KEDGE Business School,Marseille ,International Business,18500,18500,11-May,1,No,Business and Management,Masters,10%
KEDGE Business School,Marseille ,Marketing,17500,17500,11-May,1,No,Business and Management,Masters,10%
KEDGE Business School,Marseille ,Sport International Sport and Event Management ,17500,17500,11-May,1,No,Business and Management,Masters,10%
KEDGE Business School,Marseille ,International Trade and Maritime Logistics,17500,17500,11-May,1,No,Business and Management,Masters,10%
KEDGE Business School,Marseille ,Global Supply Chain Management ,20400,20400,11-May,1,No,Business and Management,Masters,10%
KEDGE Business School,Marseille ,International Purchasing and Innovation Management ,20400,20400,11-May,1,No,Business and Management,Masters,10%
KEDGE Business School,Marseille ,Arts and Creative industry Management ,22500,22500,11-May,1,No,Business and Management,Masters,10%
KEDGE Business School,Marseille ,Creativity and Design Management ,17500,17500,11-May,1,No,Business and Management,Masters,10%
KEDGE Business School,Marseille ,Wine and Spirits Management ,21500,21500,11-May,1,No,Business and Management,Masters,10%
KEDGE Business School,Marseille ,Wine and Hospitality Management ,24000,24000,11-May,1,No,Business and Management,Masters,10%

ESDES University,Lyon,International Business ,9000,9000,6-Jun,3,Yes,Business and Management,Bachelors,12%
ESDES University,Lyon,International Business Administration ,13000,13000,6-Jun,2,Yes,Business and Management,Masters,12%
ESDES University,Lyon,Supply Chain Management and Purchasing,13000,13000,6-Jun,2,Yes,Business and Management,Masters,12%
ESDES University,Lyon,Marketing and Digital Business,13000,13000,6-Jun,2,Yes,Business and Management,Masters,12%
ESDES University,Lyon,Circular Economy and Sustainable Innovation ,13900,13900,6-Jun,1,Yes,Business and Management,Masters,12%
ESDES University,Lyon,Impat Finance and Fintech Management ,13900,13900,6-Jun,1,Yes,Business and Management,Masters,12%
ESDES University,Lyon,Sustainable Tourism and Event Management ,14800,14800,6-Jun,1,Yes,Business and Management,Masters,12%

Paris Business School,Paris,Cybersecurity,9690,9690,Rolling,1,No,Tech & Management,Bachelors,
Paris Business School,Paris,Data Analytics & A.I,9690,9690,Rolling,1,No,Tech & Management,Bachelors,
Paris Business School,Paris,Tech for Management ,9690,9690,Rolling,3,No,Tech & Management,Bachelors,
Paris Business School,Paris,Luxury Marketing ,9690,9690,Rolling,1,No,Business and Management ,Bachelors,
Paris Business School,Paris,Management ,9690,9690,Rolling,3,No,Business and Management ,Bachelors,
Paris Business School,Paris,International Business,9690,9690,Rolling,1,No,Business and Management ,Bachelors,
Paris Business School,Paris,Banking And Finance ,9690,9690,Rolling,1,No,Business and Management ,Bachelors,
Paris Business School,Paris,Int. Management & Business Development ,16000,16000,Rolling,1.25,No,Business and Management ,Masters,
Paris Business School,Paris,Luxury & Fashion Management ,22000,22000,Rolling,1.25,No,Business and Management ,Masters,
Paris Business School,Paris,Hospitality Management,16000,16000,Rolling,1.25,No,Business and Management ,Masters,
Paris Business School,Paris,Data Management,14450,14450,Rolling,1.5,No,Business and Management ,Masters,
Paris Business School,Paris,Supply Chain Management ,16000,16000,Rolling,1.25,No,Business and Management ,Masters,
Paris Business School,Paris,Marketing Analytics & Data Intelligence ,16000,16000,Rolling,1.25,No,Business and Management ,Masters,
Paris Business School,Paris,Sustainability & Business Development,16000,16000,Rolling,1.25,No,Business and Management ,Masters,
Paris Business School,Paris,International Finance,16000,16000,Rolling,1.25,No,Business and Management ,Masters,
Paris Business School,Paris,Arts & Cultural Management ,21500,21500,Rolling,1.25,No,Business and Management ,Masters,
Paris Business School,Paris,Business Adminstration,18870,18870,Rolling,1,No,Business and Management ,Masters,



























































































































































































































































































































































































































































































































































































































































































































































































































































































































































































University Name,City,Programe/Course,Commission ,Tuition Fee/ Per year in EUR for EU Students,Tuition Fee/Per Year in EUR for Non-EU students,Deadline (Sept 2025),Programme Duration,Accomodation,Category,Level




Higher Institute of Economics & Innovation WSEI Poland,Lublin,Computer Science ( Different specializations)),,3700,3700,15-Aug,4,Yes,,Bachelors
Higher Institute of Economics & Innovation WSEI Poland,Lublin,Management ,,3700,3700,15-Aug,4,Yes,,Bachelors
Higher Institute of Economics & Innovation WSEI Poland,Lublin,Nursing,,3700,3700,15-Aug,4,Yes,,Bachelors
Higher Institute of Economics & Innovation WSEI Poland,Lublin,Psychology,,3700,3700,15-Aug,4,Yes,,Bachelors
Higher Institute of Economics & Innovation WSEI Poland,Lublin,Economics,,2400,2400,15-Aug,2,Yes,,Masters
Higher Institute of Economics & Innovation WSEI Poland,Lublin,Management ,,2400,2400,15-Aug,2,Yes,,Masters
Higher Institute of Economics & Innovation WSEI Poland,Lublin,Computer Science ( Different specializations)),,2400,2400,15-Aug,2,Yes,,Masters

Collegium Da Vinci Poland,Poznan,Creative Management ,,3800,3800,15-Jul,3,Yes,,Bachelors
Collegium Da Vinci Poland,Poznan,Information Technology,,3800,3800,15-Jul,3.5,Yes,,
Collegium Da Vinci Poland,Poznan,Business And Management ,,4500,4500,7/15/2025,2,Yes,,
Collegium Da Vinci Poland,Poznan,Arts and Design,,4500,4500,7/15/2025,2,Yes,,
Collegium Da Vinci Poland,Poznan,Technology and IT,,4500,4500,7/15/2025,2,Yes,,
Collegium Da Vinci Poland,Poznan,Education,,4500,4500,7/15/2025,2,Yes,,
Collegium Da Vinci Poland,Poznan,Creative Media,,4500,4500,7/15/2025,2,Yes,,

International European University Poland,Poznan,General Medicine ,,Depends,Depends,July-August,6,Yes,,MD
International European University Poland,Poznan,Dentistry,,Depends,Depends,July-August,5,Yes,,B.D.S
International European University Poland,Poznan,Pharmacy,,Depends,Depends,July-August,5,Yes,,Pharmacist
International European University Poland,Poznan,Pediatrics,,Depends,Depends,July-August,6,Yes,,MBBS
International European University Poland,Poznan,Nursing,,Depends,Depends,July-August,4,Yes,,BSc
International European University Poland,Poznan,All Surgery Facility Courses,,Depends,Depends,July-August,2-3 years,Yes,,Clinical Residency
International European University Poland,Poznan,All Pediatrics Department,,Depends,Depends,July-August,2-3 years,Yes,,Clinical Residency
International European University Poland,Poznan,All Therapy Department ,,Depends,Depends,July-August,2-3 years,Yes,,Clinical Residency
International European University Poland,Poznan,All General Practice,,Depends,Depends,July-August,2-3 years,Yes,,Clinical Residency
International European University Poland,Poznan,All Pharmaceutical Department ,,Depends,Depends,July-August,2-3 years,Yes,,Clinical Residency
International European University Poland,Poznan,All Medical-Preventive Department ,,Depends,Depends,July-August,2-3 years,Yes,,Clinical Residency
International European University Poland,Poznan,All Business Courses,,4000,4000,July-August,4,Yes,,Bachelors
International European University Poland,Poznan,All Business Courses,,5000,5000,July-August,2,Yes,,Masters
International European University Poland,Poznan,All Architecture and Engineering Courses,,4000,4000,July-August,4,Yes,,Bachelors
International European University Poland,Poznan,All Architecture and Engineering Courses,,5000,5000,July-August,2,Yes,,Masters
International European University Poland,Poznan,All Language Courses,,4000,4000,July-August,4,Yes,,Bachelors 
International European University Poland,Poznan,All Language Courses,,5000,5000,July-August,2,Yes,,Masters
International European University Poland,Poznan,All IT Courses,,4000,4000,July-August,4,Yes,,Bachelors
International European University Poland,Poznan,All IT Courses,,5000,5000,July-August,2,Yes,,Masters
International European University Poland,Poznan,All Law Courses,,4000,4000,July-August,4,Yes,,Bachelors
International European University Poland,Poznan,All Law Courses,,5000,5000,July-August,2,Yes,,Masters
International European University Poland,Poznan,All Humanity Courses,,4000,4000,July-August,4,Yes,,Bachelors
International European University Poland,Poznan,All Humanity Courses,,5000,5000,July-August,2,Yes,,Masters

University Name,City,Programe/Course,Commission ,Tuition Fee/ Per year in EUR for EU Students,Tuition Fee/Per Year in EUR for Non-EU students,Deadline (Sept 2025),Programme Duration,Accomodation,Category,Level
Singidunum University Serbia ,Belgrade,Business Economics,250-600 Euros,4609,4609,June and July,,No,,Bachelors
Singidunum University Serbia ,Belgrade,Tourism,,4609,4609,June and July,,No,,Bachelors
Singidunum University Serbia ,Belgrade,Hospitality,,4609,4609,June and July,,No,,Bachelors
Singidunum University Serbia ,Belgrade,Food Economics,,4609,4609,June and July,,No,,Bachelors
Singidunum University Serbia ,Belgrade,Computer Science,,4609,4609,June and July,,No,,Bachelors
Singidunum University Serbia ,Belgrade,IT,,4609,4609,June and July,,No,,Bachelors
Singidunum University Serbia ,Belgrade,Data Engineering ,,4609,4609,June and July,,No,,Bachelors
Singidunum University Serbia ,Belgrade,English Studies,,4609,4609,June and July,,No,,Bachelors
Singidunum University Serbia ,Belgrade,Apllied Artificial Intelligence,,4609,4609,June and July,,No,,Bachelors
Singidunum University Serbia ,Belgrade,Business Economics,,4500,4500,June and July,,No,,Masters
Singidunum University Serbia ,Belgrade,Business Systems,,4500,4500,June and July,,No,,Masters
Singidunum University Serbia ,Belgrade,Data Science,,4500,4500,June and July,,No,,Masters
Singidunum University Serbia ,Belgrade,Applied English,,4500,4500,June and July,,No,,Masters
Singidunum University Serbia ,Belgrade,Communication Studies,,4500,4500,June and July,,No,,Masters
Singidunum University Serbia ,Belgrade,Psychology,,4500,4500,June and July,,No,,Masters
Singidunum University Serbia ,Belgrade,Contemporary Business Decision Making ,,4900,4900,June and July,,No,,Doctoral
Singidunum University Serbia ,Belgrade,Tourism Management ,,4900,4900,June and July,,No,,Doctoral
University Name,Country,Programe/Course,Commission ,Tuition Fee/ Per year in EUR for EU Students,Tuition Fee/Per Year in EUR for Non-EU students,Deadline (Sept 2025),Programme Duration,Accomodation,Category,Level
DOBA Business School Slovenia,Slovenia,,still processing partnership,,,Jun-Aug,,,,
University Name,City,Programe/Course,Commission ,Tuition Fee/ Per year in EUR for EU Students,Tuition Fee/Per Year in EUR for Non-EU students,Deadline (Sept 2025),Programme Duration,Accomodation,Category,Level
Algebra University College Croatia,Zagreb,Software Engineering ,10-15%,6780,6780,June 20,3-4 yrs,No,,Bachelors
Algebra University College Croatia,Zagreb,Cyber Securit,,6780,6780,June 20,3-4 yrs,No,,Bachelors
Algebra University College Croatia,Zagreb,Game Development ,,6780,6780,June 20,3-4 yrs,No,,Bachelors
Algebra University College Croatia,Zagreb,Data Science and Ai,,6780,6780,June 20,3-4 yrs,No,,Bachelors
Algebra University College Croatia,Zagreb,Economics of Digital Business ,,6780,6780,June 20,3-4 yrs,No,,Bachelors
Algebra University College Croatia,Zagreb,Digital Marketing,,6780,6780,June 20,3-4 yrs,No,,Bachelors
Algebra University College Croatia,Zagreb,Multimedia Production,,6780,6780,June 20,3-4 yrs,No,,Bachelors
Algebra University College Croatia,Zagreb,Visual Communications,,6780,6780,June 20,3-4 yrs,No,,Bachelors
Algebra University College Croatia,Zagreb,Design and 3D Design,,6780,6780,June 20,3-4 yrs,No,,Bachelors
Algebra University College Croatia,Zagreb,Applied Computer Engineering ,,6500,6500,June 20,2,No,,Masters
Algebra University College Croatia,Zagreb,Software Engineering ,,6500,6500,June 20,2,No,,Masters
Algebra University College Croatia,Zagreb,System Engineering ,,6500,6500,June 20,2,No,,Masters
Algebra University College Croatia,Zagreb,Data Science ,,6500,6500,June 20,2,No,,Masters
Algebra University College Croatia,Zagreb,Creative Marketing,,6500,6500,June 20,2,No,,Masters
Algebra University College Croatia,Zagreb,Digital Marketing,,6500,6500,June 20,2,No,,Masters
Algebra University College Croatia,Zagreb,Economics of Digital Business ,,6500,6500,June 20,2,No,,Masters
Algebra University College Croatia,Zagreb,Leadership MBA,,6500,6500,June 20,2,No,,Masters
