name,country,networks,relationship,sourceUrls
Aston University,United Kingdom,AHZ,INDIRECT_RECRUITMENT_PARTNER,https://www.ahzassociates.com/blogs/september-intake-in-the-uk
Bangor University,United Kingdom,AHZ,INDIRECT_RECRUITMENT_PARTNER,https://www.ahzassociates.com/blogs/september-intake-in-the-uk
Birmingham City University,United Kingdom,AHZ,INDIRECT_RECRUITMENT_PARTNER,https://www.ahzassociates.com/blogs/september-intake-in-the-uk
Canterbury Christ Church University,United Kingdom,AHZ|GUS_INUNI,INDIRECT_RECRUITMENT_PARTNER,https://www.ahzassociates.com/blogs/september-intake-in-the-uk|https://www.globaluniversitysystems.com/network/partners
Coventry University,United Kingdom,AHZ,INDIRECT_RECRUITMENT_PARTNER,https://www.ahzassociates.com/blogs/september-intake-in-the-uk
De Montfort University,United Kingdom,AHZ,INDIRECT_RECRUITMENT_PARTNER,https://www.ahzassociates.com/blogs/september-intake-in-the-uk
Keele University,United Kingdom,AHZ,INDIRECT_RECRUITMENT_PARTNER,https://www.ahzassociates.com/blogs/september-intake-in-the-uk
Lancaster University,United Kingdom,AHZ,INDIRECT_RECRUITMENT_PARTNER,https://www.ahzassociates.com/blogs/september-intake-in-the-uk
Middlesex University London,United Kingdom,AHZ,INDIRECT_RECRUITMENT_PARTNER,https://www.ahzassociates.com/blogs/september-intake-in-the-uk
Newcastle University,United Kingdom,AHZ,INDIRECT_RECRUITMENT_PARTNER,https://www.ahzassociates.com/blogs/september-intake-in-the-uk
Queen’s University Belfast,United Kingdom,AHZ,INDIRECT_RECRUITMENT_PARTNER,https://www.ahzassociates.com/blogs/september-intake-in-the-uk
"Solent University, Southampton",United Kingdom,AHZ,INDIRECT_RECRUITMENT_PARTNER,https://www.ahzassociates.com/blogs/september-intake-in-the-uk
Swansea University,United Kingdom,AHZ,INDIRECT_RECRUITMENT_PARTNER,https://www.ahzassociates.com/blogs/september-intake-in-the-uk
The University of Buckingham,United Kingdom,AHZ,INDIRECT_RECRUITMENT_PARTNER,https://www.ahzassociates.com/blogs/september-intake-in-the-uk
Ulster University,United Kingdom,AHZ,INDIRECT_RECRUITMENT_PARTNER,https://www.ahzassociates.com/blogs/september-intake-in-the-uk
University of Bedfordshire,United Kingdom,AHZ,INDIRECT_RECRUITMENT_PARTNER,https://www.ahzassociates.com/blogs/september-intake-in-the-uk
University of Bradford,United Kingdom,AHZ,INDIRECT_RECRUITMENT_PARTNER,https://www.ahzassociates.com/blogs/september-intake-in-the-uk
University of Central Lancashire,United Kingdom,AHZ,INDIRECT_RECRUITMENT_PARTNER,https://www.ahzassociates.com/blogs/september-intake-in-the-uk
University of Dundee,United Kingdom,AHZ,INDIRECT_RECRUITMENT_PARTNER,https://www.ahzassociates.com/blogs/september-intake-in-the-uk
University of Essex,United Kingdom,AHZ,INDIRECT_RECRUITMENT_PARTNER,https://www.ahzassociates.com/blogs/september-intake-in-the-uk
University of Greenwich,United Kingdom,AHZ,INDIRECT_RECRUITMENT_PARTNER,https://www.ahzassociates.com/blogs/september-intake-in-the-uk
University of Kent,United Kingdom,AHZ,INDIRECT_RECRUITMENT_PARTNER,https://www.ahzassociates.com/blogs/september-intake-in-the-uk
University of Liverpool,United Kingdom,AHZ,INDIRECT_RECRUITMENT_PARTNER,https://www.ahzassociates.com/blogs/september-intake-in-the-uk
University of Plymouth,United Kingdom,AHZ,INDIRECT_RECRUITMENT_PARTNER,https://www.ahzassociates.com/blogs/september-intake-in-the-uk
University of Reading,United Kingdom,AHZ,INDIRECT_RECRUITMENT_PARTNER,https://www.ahzassociates.com/blogs/september-intake-in-the-uk
University of South Wales,United Kingdom,AHZ,INDIRECT_RECRUITMENT_PARTNER,https://www.ahzassociates.com/blogs/september-intake-in-the-uk
University of Sunderland London,United Kingdom,AHZ,INDIRECT_RECRUITMENT_PARTNER,https://www.ahzassociates.com/blogs/september-intake-in-the-uk
University of the West of England (UWE Bristol),United Kingdom,AHZ,INDIRECT_RECRUITMENT_PARTNER,https://www.ahzassociates.com/blogs/september-intake-in-the-uk
University of York,United Kingdom,AHZ,INDIRECT_RECRUITMENT_PARTNER,https://www.ahzassociates.com/blogs/september-intake-in-the-uk
University of Winchester,United Kingdom,AHZ,INDIRECT_RECRUITMENT_PARTNER,https://www.ahzassociates.com/blogs/september-intake-in-the-uk
Regent College London,United Kingdom,AHZ,INDIRECT_RECRUITMENT_PARTNER,https://www.ahzassociates.com/blogs/september-intake-in-the-uk
University of Wolverhampton,United Kingdom,AHZ,INDIRECT_RECRUITMENT_PARTNER,https://www.ahzassociates.com/blogs/september-intake-in-the-uk
University of Salford,United Kingdom,AHZ,INDIRECT_RECRUITMENT_PARTNER,https://www.ahzassociates.com/blogs/september-intake-in-the-uk
University of Northampton,United Kingdom,AHZ,INDIRECT_RECRUITMENT_PARTNER,https://www.ahzassociates.com/blogs/september-intake-in-the-uk
University of Aberdeen,United Kingdom,AHZ,INDIRECT_RECRUITMENT_PARTNER,https://www.ahzassociates.com/blogs/september-intake-in-the-uk
Regent's University London,United Kingdom,AHZ,INDIRECT_RECRUITMENT_PARTNER,https://www.ahzassociates.com/blogs/september-intake-in-the-uk
Staffordshire University,United Kingdom,AHZ,INDIRECT_RECRUITMENT_PARTNER,https://www.ahzassociates.com/blogs/september-intake-in-the-uk
Liverpool John Moores University,United Kingdom,AHZ,INDIRECT_RECRUITMENT_PARTNER,https://www.ahzassociates.com/blogs/september-intake-in-the-uk
"Birkbeck, University of London",United Kingdom,AHZ,INDIRECT_RECRUITMENT_PARTNER,https://www.ahzassociates.com/blogs/september-intake-in-the-uk
BPP University,United Kingdom,AHZ,INDIRECT_RECRUITMENT_PARTNER,https://www.ahzassociates.com/blogs/september-intake-in-the-uk
Brunel University London,United Kingdom,AHZ,INDIRECT_RECRUITMENT_PARTNER,https://www.ahzassociates.com/blogs/september-intake-in-the-uk
Cardiff Metropolitan University,United Kingdom,AHZ,INDIRECT_RECRUITMENT_PARTNER,https://www.ahzassociates.com/blogs/september-intake-in-the-uk
Cranfield University,United Kingdom,AHZ,INDIRECT_RECRUITMENT_PARTNER,https://www.ahzassociates.com/blogs/september-intake-in-the-uk
Hult International Business School,United Kingdom,AHZ,INDIRECT_RECRUITMENT_PARTNER,https://www.ahzassociates.com/blogs/september-intake-in-the-uk
Kingston University,United Kingdom,AHZ,INDIRECT_RECRUITMENT_PARTNER,https://www.ahzassociates.com/blogs/september-intake-in-the-uk
London South Bank University,United Kingdom,AHZ,INDIRECT_RECRUITMENT_PARTNER,https://www.ahzassociates.com/blogs/september-intake-in-the-uk
Newcastle College (HE),United Kingdom,AHZ,INDIRECT_RECRUITMENT_PARTNER,https://www.ahzassociates.com/blogs/september-intake-in-the-uk
Nottingham Trent University,United Kingdom,AHZ,INDIRECT_RECRUITMENT_PARTNER,https://www.ahzassociates.com/blogs/september-intake-in-the-uk
Robert Gordon University,United Kingdom,AHZ,INDIRECT_RECRUITMENT_PARTNER,https://www.ahzassociates.com/blogs/september-intake-in-the-uk
"St Mary’s University, Twickenham",United Kingdom,AHZ,INDIRECT_RECRUITMENT_PARTNER,https://www.ahzassociates.com/blogs/september-intake-in-the-uk
Teesside University,United Kingdom,AHZ,INDIRECT_RECRUITMENT_PARTNER,https://www.ahzassociates.com/blogs/september-intake-in-the-uk
University of East London,United Kingdom,AHZ,INDIRECT_RECRUITMENT_PARTNER,https://www.ahzassociates.com/blogs/september-intake-in-the-uk
University for the Creative Arts,United Kingdom,AHZ,INDIRECT_RECRUITMENT_PARTNER,https://www.ahzassociates.com/blogs/september-intake-in-the-uk
University of Suffolk,United Kingdom,AHZ,INDIRECT_RECRUITMENT_PARTNER,https://www.ahzassociates.com/blogs/september-intake-in-the-uk
University College Birmingham,United Kingdom,AHZ,INDIRECT_RECRUITMENT_PARTNER,https://www.ahzassociates.com/blogs/september-intake-in-the-uk
University of Chester,United Kingdom,AHZ,INDIRECT_RECRUITMENT_PARTNER,https://www.ahzassociates.com/blogs/september-intake-in-the-uk
University of East Anglia,United Kingdom,AHZ,INDIRECT_RECRUITMENT_PARTNER,https://www.ahzassociates.com/blogs/september-intake-in-the-uk
University of Gloucestershire,United Kingdom,AHZ,INDIRECT_RECRUITMENT_PARTNER,https://www.ahzassociates.com/blogs/september-intake-in-the-uk
University of Hertfordshire,United Kingdom,AHZ,INDIRECT_RECRUITMENT_PARTNER,https://www.ahzassociates.com/blogs/september-intake-in-the-uk
University of Lincoln,United Kingdom,AHZ,INDIRECT_RECRUITMENT_PARTNER,https://www.ahzassociates.com/blogs/september-intake-in-the-uk
Northumbria University,United Kingdom,AHZ,INDIRECT_RECRUITMENT_PARTNER,https://www.ahzassociates.com/blogs/september-intake-in-the-uk
University of Portsmouth,United Kingdom,AHZ,INDIRECT_RECRUITMENT_PARTNER,https://www.ahzassociates.com/blogs/september-intake-in-the-uk
University of Roehampton,United Kingdom,AHZ,INDIRECT_RECRUITMENT_PARTNER,https://www.ahzassociates.com/blogs/september-intake-in-the-uk
University of Strathclyde,United Kingdom,AHZ,INDIRECT_RECRUITMENT_PARTNER,https://www.ahzassociates.com/blogs/september-intake-in-the-uk
University of Surrey,United Kingdom,AHZ,INDIRECT_RECRUITMENT_PARTNER,https://www.ahzassociates.com/blogs/september-intake-in-the-uk
University of Wales Trinity Saint David,United Kingdom,AHZ,INDIRECT_RECRUITMENT_PARTNER,https://www.ahzassociates.com/blogs/september-intake-in-the-uk
University of Worcester,United Kingdom,AHZ,INDIRECT_RECRUITMENT_PARTNER,https://www.ahzassociates.com/blogs/september-intake-in-the-uk
University of Hull,United Kingdom,AHZ,INDIRECT_RECRUITMENT_PARTNER,https://www.ahzassociates.com/blogs/september-intake-in-the-uk
Northeastern University,United Kingdom,AHZ,INDIRECT_RECRUITMENT_PARTNER,https://www.ahzassociates.com/blogs/september-intake-in-the-uk
University of Huddersfield,United Kingdom,AHZ,INDIRECT_RECRUITMENT_PARTNER,https://www.ahzassociates.com/blogs/september-intake-in-the-uk
University of Leicester,United Kingdom,AHZ,INDIRECT_RECRUITMENT_PARTNER,https://www.ahzassociates.com/blogs/september-intake-in-the-uk
Abertay University,United Kingdom,AHZ,INDIRECT_RECRUITMENT_PARTNER,https://www.ahzassociates.com/blogs/september-intake-in-the-uk
Loughborough University,United Kingdom,AHZ,INDIRECT_RECRUITMENT_PARTNER,https://www.ahzassociates.com/blogs/september-intake-in-the-uk
Heriot-Watt University,United Kingdom,AHZ,INDIRECT_RECRUITMENT_PARTNER,https://www.ahzassociates.com/blogs/september-intake-in-the-uk
London Metropolitan University,United Kingdom,AHZ,INDIRECT_RECRUITMENT_PARTNER,https://www.ahzassociates.com/blogs/september-intake-in-the-uk
University of Sussex,United Kingdom,AHZ,INDIRECT_RECRUITMENT_PARTNER,https://www.ahzassociates.com/blogs/september-intake-in-the-uk
Falmouth University,United Kingdom,AHZ,INDIRECT_RECRUITMENT_PARTNER,https://www.ahzassociates.com/blogs/september-intake-in-the-uk
University of Brighton,United Kingdom,AHZ,INDIRECT_RECRUITMENT_PARTNER,https://www.ahzassociates.com/blogs/september-intake-in-the-uk
University of Southampton,United Kingdom,AHZ,INDIRECT_RECRUITMENT_PARTNER,https://www.ahzassociates.com/blogs/september-intake-in-the-uk
Concordia University Chicago,United States,GUS_INUNI,INDIRECT_RECRUITMENT_PARTNER,https://www.globaluniversitysystems.com/network/partners
Avila University,United States,GUS_INUNI,INDIRECT_RECRUITMENT_PARTNER,https://www.globaluniversitysystems.com/network/partners
Herzing University,United States,GUS_INUNI,INDIRECT_RECRUITMENT_PARTNER,https://www.globaluniversitysystems.com/network/partners
LIM College,United States,GUS_INUNI,INDIRECT_RECRUITMENT_PARTNER,https://www.globaluniversitysystems.com/network/partners
Penn State Dickinson Law,United States,GUS_INUNI,INDIRECT_RECRUITMENT_PARTNER,https://www.globaluniversitysystems.com/network/partners
University of Akron,United States,GUS_INUNI,INDIRECT_RECRUITMENT_PARTNER,https://www.globaluniversitysystems.com/network/partners
Hartpury University,United Kingdom,GUS_INUNI,INDIRECT_RECRUITMENT_PARTNER,https://www.globaluniversitysystems.com/network/partners
Griffith College Ireland,Ireland,IEO,INDIRECT_RECRUITMENT_PARTNER,https://events.educationireland.net/
Dublin Business School,Ireland,IEO,INDIRECT_RECRUITMENT_PARTNER,https://events.educationireland.net/
Dublin City University,Ireland,IEO,INDIRECT_RECRUITMENT_PARTNER,https://events.educationireland.net/
Dorset College,Ireland,IEO,INDIRECT_RECRUITMENT_PARTNER,https://events.educationireland.net/
Trinity College Dublin,Ireland,IEO,INDIRECT_RECRUITMENT_PARTNER,https://events.educationireland.net/
Technological University Dublin,Ireland,IEO,INDIRECT_RECRUITMENT_PARTNER,https://events.educationireland.net/
Dundalk Institute of Technology,Ireland,IEO,INDIRECT_RECRUITMENT_PARTNER,https://events.educationireland.net/
South East Technological University,Ireland,IEO,INDIRECT_RECRUITMENT_PARTNER,https://events.educationireland.net/
